{"name":"07f3a856-2a65-4c85-9906-6f4b1efe5623","id":"/providers/Microsoft.Flow/flows/07f3a856-2a65-4c85-9906-6f4b1efe5623","type":"Microsoft.Flow/flows","properties":{"apiId":"/providers/Microsoft.PowerApps/apis/shared_logicflows","displayName":"新しい応答が送信されるとき -> Apply to each,メールの送信","definition":{"metadata":{"workflowEntityId":null,"creator":{"id":"16b1477d-ac2b-4aae-a4d0-498d415cf7a0","type":"User","tenantId":"b6f58127-1c00-4020-b920-89e21c2e1a68"},"provisioningMethod":"FromDefinition","failureAlertSubscription":true,"clientLastModifiedTime":"2018-12-04T01:16:38.7012159Z"},"$schema":"https://schema.management.azure.com/providers/Microsoft.Logic/schemas/2016-06-01/workflowdefinition.json#","contentVersion":"1.0.0.0","parameters":{"$connections":{"defaultValue":{},"type":"Object"},"$authentication":{"defaultValue":{},"type":"SecureObject"}},"triggers":{"新しい応答が送信されるとき":{"metadata":{"flowSystemMetadata":{"swaggerOperationId":"CreateFormWebhook"}},"type":"ApiConnectionWebhook","inputs":{"host":{"api":{"runtimeUrl":"https://japan-001.azure-apim.net/apim/microsoftforms"},"connection":{"name":"@parameters('$connections')['shared_microsoftforms']['connectionId']"}},"body":{"eventType":"responseAdded","notificationUrl":"@{listCallbackUrl()}","source":"ms-connector"},"path":"/formapi/api/forms/@{encodeURIComponent('J4H1tgAcIEC5IIniHC4aaH1HsRYrrK5KpNBJjUFc96BUOUQ4TkdOS0dLVVE3VVE4MDJFNUFROTU1Sy4u')}/webhooks","authentication":"@parameters('$authentication')"}}},"actions":{"Apply_to_each":{"foreach":"@triggerBody()?['value']","actions":{"Forms-DetailResponse":{"runAfter":{"変数の設定":["Succeeded"]},"metadata":{"flowSystemMetadata":{"swaggerOperationId":"GetFormResponseById"}},"type":"ApiConnection","inputs":{"host":{"api":{"runtimeUrl":"https://japan-001.azure-apim.net/apim/microsoftforms"},"connection":{"name":"@parameters('$connections')['shared_microsoftforms']['connectionId']"}},"method":"get","path":"/formapi/api/forms('@{encodeURIComponent('J4H1tgAcIEC5IIniHC4aaH1HsRYrrK5KpNBJjUFc96BUOUQ4TkdOS0dLVVE3VVE4MDJFNUFROTU1Sy4u')}')/responses","queries":{"response_id":"@variables('Forms変数')"},"authentication":"@parameters('$authentication')"}},"変数の設定":{"runAfter":{},"type":"SetVariable","inputs":{"name":"Forms変数","value":"@items('Apply_to_each')?['resourceData']?['responseId']"}},"HTTP-GetUsersJoinedTeams":{"runAfter":{"GetUsersID-JSON":["Succeeded"]},"type":"Http","inputs":{"method":"GET","uri":"https://graph.microsoft.com/v1.0/users/@{body('GetUsersID-JSON')?['id']}/joinedTeams","authentication":{"type":"ActiveDirectoryOAuth","tenant":"b6f58127-1c00-4020-b920-89e21c2e1a68","audience":"https://graph.microsoft.com","clientId":"5895631e-9ffd-484c-88ad-a981b52a2e34","secret":"CRCEWJ2MP58i5R6+xWZ9t9D2BcFUKcdyJCOSQeBZdWM="}}},"GetUsersJoinedTeams-JSON":{"runAfter":{"HTTP-GetUsersJoinedTeams":["Succeeded"]},"type":"ParseJson","inputs":{"content":"@body('HTTP-GetUsersJoinedTeams')","schema":{"type":"object","properties":{"@@odata.context":{"type":"string"},"value":{"type":"array","items":{"type":"object","properties":{"id":{"type":"string"},"displayName":{"type":"string"},"description":{"type":"string"},"isArchived":{"type":"boolean"}},"required":["id","displayName","description","isArchived"]}}}}}},"Apply_to_each_2":{"foreach":"@body('GetUsersJoinedTeams-JSON')?['value']","actions":{"Input_groupname_is_Exist":{"actions":{"HTTP-GetGroupOwners":{"runAfter":{},"type":"Http","inputs":{"method":"GET","uri":"https://graph.microsoft.com/v1.0/groups/@{items('Apply_to_each_2')?['id']}/owners","authentication":{"type":"ActiveDirectoryOAuth","tenant":"b6f58127-1c00-4020-b920-89e21c2e1a68","audience":"https://graph.microsoft.com","clientId":"5895631e-9ffd-484c-88ad-a981b52a2e34","secret":"CRCEWJ2MP58i5R6+xWZ9t9D2BcFUKcdyJCOSQeBZdWM="}}},"GetGroupOwners-JSON":{"runAfter":{"HTTP-GetGroupOwners":["Succeeded"]},"type":"ParseJson","inputs":{"content":"@body('HTTP-GetGroupOwners')","schema":{"type":"object","properties":{"@@odata.context":{"type":"string"},"value":{"type":"array","items":{"type":"object","properties":{"@@odata.type":{"type":"string"},"id":{"type":"string"},"businessPhones":{"type":"array","items":{"type":"string"}},"displayName":{"type":"string"},"givenName":{"type":"string"},"jobTitle":{"type":"string"},"mail":{"type":"string"},"mobilePhone":{"type":"string"},"officeLocation":{"type":"string"},"preferredLanguage":{},"surname":{"type":"string"},"userPrincipalName":{"type":"string"}},"required":["@@odata.type","id","businessPhones","displayName","givenName","jobTitle","mail","mobilePhone","officeLocation","preferredLanguage","surname","userPrincipalName"]}}}}}},"変数の設定_3":{"runAfter":{"GetGroupOwners-JSON":["Succeeded"]},"type":"SetVariable","inputs":{"name":"IsOwnerExistFlag","value":"@false"}},"Apply_to_each_4":{"foreach":"@body('GetGroupOwners-JSON')?['value']","actions":{"mail_is_not_null":{"actions":{"変数の設定_2":{"runAfter":{},"type":"SetVariable","inputs":{"name":"IsOwnerExistFlag","value":"@true"}}},"runAfter":{},"expression":"@not(equals(items('Apply_to_each_4')?['mail'], null))","type":"If"}},"runAfter":{"変数の設定_3":["Succeeded"]},"type":"Foreach"},"条件":{"actions":{"HTTP-AddGroupOwner":{"runAfter":{},"type":"Http","inputs":{"method":"POST","uri":"https://graph.microsoft.com/v1.0/groups/@{items('Apply_to_each_2')?['id']}/owners/$ref","body":{"@@odata.id":"https://graph.microsoft.com/v1.0/users/@{body('GetUsersID-JSON')?['id']}"},"authentication":{"type":"ActiveDirectoryOAuth","tenant":"b6f58127-1c00-4020-b920-89e21c2e1a68","audience":"https://graph.microsoft.com","clientId":"5895631e-9ffd-484c-88ad-a981b52a2e34","secret":"CRCEWJ2MP58i5R6+xWZ9t9D2BcFUKcdyJCOSQeBZdWM="}}}},"runAfter":{"Apply_to_each_4":["Succeeded"]},"expression":"@equals(variables('IsOwnerExistFlag'), false)","type":"If"}},"runAfter":{},"expression":"@equals(items('Apply_to_each_2')?['displayName'], body('Forms-DetailResponse')?['r89bbbcf3ff9e4fc29880163db9f27069'])","type":"If"}},"runAfter":{"GetUsersJoinedTeams-JSON":["Succeeded"]},"type":"Foreach"},"HTTP-GetUsersID":{"runAfter":{"Forms-DetailResponse":["Succeeded"]},"type":"Http","inputs":{"method":"GET","uri":"https://graph.microsoft.com/v1.0/users/@{body('Forms-DetailResponse')?['responder']}","authentication":{"type":"ActiveDirectoryOAuth","tenant":"b6f58127-1c00-4020-b920-89e21c2e1a68","audience":"https://graph.microsoft.com","clientId":"5895631e-9ffd-484c-88ad-a981b52a2e34","secret":"CRCEWJ2MP58i5R6+xWZ9t9D2BcFUKcdyJCOSQeBZdWM="}}},"GetUsersID-JSON":{"runAfter":{"HTTP-GetUsersID":["Succeeded"]},"type":"ParseJson","inputs":{"content":"@body('HTTP-GetUsersID')","schema":{"type":"object","properties":{"@@odata.context":{"type":"string"},"businessPhones":{"type":"array","items":{"type":"string"}},"displayName":{"type":"string"},"givenName":{"type":"string"},"jobTitle":{},"mail":{"type":"string"},"mobilePhone":{},"officeLocation":{},"preferredLanguage":{"type":"string"},"surname":{"type":"string"},"userPrincipalName":{"type":"string"},"id":{"type":"string"}}}}}},"runAfter":{"IsOwnerExistFlag":["Succeeded"]},"type":"Foreach"},"変数を初期化する":{"runAfter":{},"type":"InitializeVariable","inputs":{"variables":[{"name":"Forms変数","type":"Integer","value":1}]}},"IsOwnerExistFlag":{"runAfter":{"変数を初期化する":["Succeeded"]},"type":"InitializeVariable","inputs":{"variables":[{"name":"IsOwnerExistFlag","type":"Boolean","value":"@true"}]}}},"outputs":{}},"connectionReferences":{"shared_microsoftforms":{"connectionName":"shared-microsoftform-adf9cfc6-f2af-4ea5-a010-b3f39065588d","source":"Embedded","id":"/providers/Microsoft.PowerApps/apis/shared_microsoftforms","tier":"NotSpecified"}},"flowFailureAlertSubscribed":false}}